类型,总 id,关键词,文章 id,文章点赞数,文章评论数,文章题目（文章没有感谢数）,文章观看数,文章创建时间
article,14_1574825136.990,李小璐,90620737,774,267,“李小璐出轨视频曝光7天后，我识破了令人胆寒的爱情真相”,245037,1573089756
article,14_1574825137.717,主持人,90576308,25365,1157,谢娜与董卿同台被“碾压”: 文化断层到底有多可怕?,1072054,1573047546
article,13_1574825137.707,刘涛,92353372,339,65,刘涛，你够了！,215292,1574051699
article,14_1574825138.917,网贷风险,83742265,149,90,因面子，深陷网贷的我，最后这样上岸,63565,1569225309
article,16_1574825138.573,陈情令（电视剧）,93060585,38,1,你是什么样的含光君？浅析剧版与书版蓝忘机的差异,2779,1574349813
article,17_1574825138.599,苏州工业园区,79928477,305,200,怎么一夜之间，苏州得到那么多利好,68426,1566872402
article,15_1574825138.816,恋爱,92878279,417,48,“迷你犬让二哈意外怀孕”爆红韩国！网友：别告诉泰迪！！！,52939,1574285948
article,13_1574825139.517,郑爽,82297991,2864,234,郑爽公开卧室照片引热议：“性冷淡”的人生，真的很爽,864977,1568601919
article,16_1574825139.329,李小璐 & PG_ONE（2017年末事件）,89554668,2736,95,李小璐PGone的事虽然很狗血，但跟这些圈内“奇葩恋”比起来还是差一点,925482,1572534003
article,16_1574825139.396,王者荣耀,91280246,171,15,王者荣耀：如何成为一名优秀打野？四点节奏/首要推塔/如何抓人/反野思路（详细分析）,5832,1573460504
article,17_1574825139.895,谢娜（主持人）,78797783,9247,693,谢娜被何炅排挤疏远：活得太自我的人，下场都很惨,1354908,1566197039
article,15_1574825141.182,姚晨,91900994,1018,201,姚晨被曝四次婚内出轨，凌潇肃：和她离婚，我不后悔,243248,1573781151
article,16_1574825141.769,随便看看,92161018,170,232,乳腺癌日志（1）：发现到确诊,56974,1573914962
article,15_1574825141.926,阿里巴巴 HR,89420112,1781,270,阿里把我待岗了，月薪从2.4万变成了1512元，这一招好狠,212469,1572488541
article,14_1574825142.456,苏州,84401509,2248,1568,江苏——一个越来越尴尬的省份（二）,498077,1570699668
article,16_1574825142.979,李诞,92630014,468,220,李诞，今天谢谢你，因为你让我们看到了人性虚伪的一面,122258,1574156116
article,17_1574825142.733,成都七中,91812432,521,292,成都七中难考吗？四川最厉害的高中为什么是成都七中？,115471,1573720298
article,14_1574825142.715,运动减肥,91817948,2,0,我减重12斤的秘诀。,3185,1573721589
article,13_1574825143.86,互联网,86437539,276,315,南京“211”大学毕业生自杀，家人在催债声中送别，爷爷：“希望他是最后一个”,80980,1570952249
article,15_1574825143.274,体制内,77431584,565,148,在体制内如何正确称呼领导？,135987,1565357442
article,16_1574825143.704,电视剧,92727289,2313,89,《家有儿女》：夏东海为什么跟前妻离婚,487467,1574217743
article,14_1574825143.957,甲状腺囊肿,92916769,3,1,4个 诱发甲状腺结节的不良生活习惯 您有吗？,2930,1574305606
article,17_1574825143.175,社会阶层,83173302,2464,235,新(伪)中产的阶层困境,327070,1568876909
article,12_1574825144.740,挽回爱情,74706092,2750,467,女生对你死心的四大表现,480649,1563787905
article,12_1574825145.556,李小璐 & PG_ONE（2017年末事件）,91567404,1531,360,李小璐：嫁一个对你好但你不爱的人……,195185,1573613730
article,16_1574825145.720,陈情令（电视剧）,91352801,76,14,陈情令番外（莲花坞）,10025,1573493925
article,17_1574825145.785,红葡萄酒,88803313,2,0,如何判断一瓶红酒的价格，这几点要注意,202,1572228687
article,13_1574825145.836,李小璐 & PG_ONE（2017年末事件）,89556408,1485,350,李小璐失去了太多,531518,1572534236
article,14_1574825147.6,婴幼儿,93436047,100,81,现有证据表明，婴儿游泳就是一个骗局,39760,1574587905
article,15_1574825147.636,情感,77449190,4636,188,王菲50岁，我想公开她的朋友圈,607926,1565369495
article,16_1574825148.594,宋仲基,82430663,2147,53,宋仲基离婚后私生活曝光，揭露了婚姻中残酷的真相,716807,1568387865
article,17_1574825148.798,装修,88014982,6438,552,我在北京买了一套24m2的胶囊房，然后......,332240,1571795320
article,15_1574825148.771,抖音吸粉,83983901,1843,328,做了900个抖音号总结的抖音玩法-全程干货,126118,1569334915
article,17_1574825148.154,李小璐,92058345,709,106,李小璐：有关我出轨，得从9岁那年说起…,198064,1573841307
article,15_1574825149.198,教育,89181055,1419,855,南京妈妈已疯，上海妈瑟瑟发抖，减负，这次真的从根子上减啦！,268221,1572393581
article,12_1574825149.859,吵架,86609331,2467,258,检验爱情的第一标准：吵架。,342669,1571042298
article,13_1574825150.795,健身房,93370023,28,15,女人婚外情为什么更容易情绪反复？,5335,1574524932
article,14_1574825151.322,豆瓣电影,91924847,9771,359,时隔21年，《海上钢琴师》你真的看懂了吗？,396654,1573787156
article,17_1574825151.947,肖战,92849402,1003,76,“凡人”肖战,33821,1574256074
article,14_1574825151.120,网易,89340704,706,38,背调威胁后，网易HR又威胁要算我旷工,21904,1572431974
article,16_1574825151.395,奇葩说 第六季（综艺）,92600832,398,102,奇葩说，不要把观众想的太凉薄,46322,1574153393
article,15_1574825152.185,网贷之家,93093883,19,22,遥遥无期的网贷之路，如今终于上岸,4506,1574386534
article,17_1574825152.264,随便看看,88115911,1155,825,胸大是怎样的感觉,1028485,1571818490
article,12_1574825152.136,娱乐圈,87229326,9871,526,娱乐圈到底有多乱？,2010010,1571324728
article,13_1574825153.291,婚姻,83657334,2451,142,梁朝伟被爆出轨：好的婚姻，是一场修行,657654,1569201450
article,16_1574825153.803,婚姻,92282433,786,77,61岁天后终生未婚，无性无爱，闭门不出，被母亲“毁掉”一生,184031,1574006080
article,16_1574825154.576,品酒,89701038,1,2,酒有什么好喝的？,354,1572609175
article,17_1574825154.292,导航软件,91044824,553,177,导航软件是怎么知道前方拥堵的,239988,1573299396
article,14_1574825155.240,公务员,84307335,3742,221,一位市委书记从政37年的官场感悟,361310,1569488415
article,17_1574825155.205,李小璐,92347559,106,26,李小璐为何出轨94年的Pgone？贾乃亮：喜欢小的,44779,1574058720
article,12_1574825155.57,随便看看,88662394,2022,568,强奸对女性的伤害有多大,755723,1572105487
article,15_1574825156.356,饭局,85260015,5193,654,陪领导参加饭局，懂2个座次5道程序3套话术，不会喝酒也受重用,419992,1570257098
article,15_1574825157.688,清代历史人物,93322995,29,20,苏麻喇姑墓中的真实情景，让人们看到了康熙皇帝不为人知的另外一面,34247,1574500151
article,12_1574825158.991,唱功,91544051,21652,840,48岁韩红至今未婚，穷到几乎倾家荡产，真相让人叹息！,783584,1573608047
article,13_1574825158.549,高中学习,91834008,434,41,一位清华学霸，给中国家长的10大忠告，知道越早孩子越好,57239,1573725906
article,16_1574825158.655,利兹大学 (University of Leeds),91811983,16,69,蔡徐坤的利兹大学到底是怎样的大学？,25073,1573720438
article,17_1574825158.284,芝麻信用,88801186,3711,1137,还在使用花呗吗？小心你的征信已经黑了,843752,1572228636
article,14_1574825159.623,甲状腺癌,84040508,366,38,看到甲状腺结节就怂了，查出甲状腺癌就想割了，华西专家说，你慌个铲铲！,41280,1569380858
article,16_1574825159.525,英语四六级,69137969,1030,51,裸考的四六级的同学们，考前救命锦囊来了,48341,1560494594
article,12_1574825159.345,电影推荐,32977590,10241,227,历史上100部逆天电影，全部豆瓣9分以上，够你看一年！（下）,701729,1516067855
article,14_1574825160.985,甲状腺癌,80694785,2637,633,年纪轻轻得癌 是怎样的体验,401129,1567328973
article,17_1574825160.231,康熙帝,91546292,273,113,爱新觉罗福临，只活了24岁，却有17个孩子，到底是如何做到的？,194273,1573608562
article,12_1574825161.145,papi 酱,91828214,6133,324,papi酱的野心有多大？,2068328,1573726544
article,14_1574825161.80,随便看看,78281670,4030,3453,婆婆把你存在冰箱的母乳全破坏了,1065771,1565853024
article,16_1574825161.667,杨颖（Angelababy）,88892836,2119,169,Angelababy回应婚变被群嘲：“求求你，别再装了！”,216376,1572252604
article,17_1574825161.515,不孕不育,90269592,1974,272,新婚13天，被丈夫砍断手指，虐待致流产，终生不孕，星途就此葬送,376686,1572946237
article,15_1574825164.820,上司,92754511,1010,102,坐我对面的女同事怀孕辞职了···,770412,1574226681
article,13_1574825164.82,随便看看,92410586,8,7,感染hpv，噩梦般的经历！,4687,1574065836
article,16_1574825164.948,网贷风险,80693575,927,1308,网贷24万，自己想了一套自救方案，求大神点评,348877,1567332883
article,16_1574825165.982,码农提问,87648096,4199,304,在中国程序员是青春饭吗？,337880,1571757443
article,14_1574825165.153,飞机,79106487,3347,425,飞机上“不雅行为”曝光的背后，我看到了更恶心的一幕,616720,1566355294
article,15_1574825165.747,过生日,92652187,127,75,章泽天26岁生日叹命运转折，却只字不提刘强东：能有今天全靠我自己,117625,1574163564
article,15_1574825166.359,医生,86539936,1193,92,如何孝顺父母？作为一个医生，我给大家分享三个故事，看后你就知道该如何做了。,31250,1571021186
article,16_1574825166.670,投资,86394734,13,37,南京“211”大学毕业生跳楼自杀，死前1年从10家持牌金融机构贷款36次,7131,1570926983
article,14_1574825167.527,部委,93099231,93,35,一位从国家部委辞职的公务员的感悟！,7636,1574388266
article,13_1574825167.744,宝宝感冒,91665013,364,112,五岁小孩吃感冒药失聪，你还在给宝宝吃这些药？,53778,1573646969
article,13_1574825168.671,随便看看,88001384,5649,348,体制内生存的十个潜规则,513339,1571785830
article,16_1574825168.613,时尚,86153650,20148,4529,黄磊13岁女儿被10000条脏话骂上热搜：毁掉一个孩子，忽视这件事就够了,1730063,1570847868
article,14_1574825168.735,Python,69869004,3877,117,最全数据分析资料汇总（含python、爬虫、数据库、大数据、tableau、统计学等）,154875,1560957565
article,17_1574825169.812,网络红人,93759856,7,4,papi酱旗下美妆博主宇芽被5次家暴：渣男，更善于伪装,5168,1574751181
article,16_1574825169.304,白富美,75801385,3997,419,19岁嫁黑帮老大之子轰动全国，做阔太12年，她如今成头号通缉犯…,637491,1564461241
article,16_1574825170.536,台式机硬件,90561346,28,32,内存条选择两条8G还是单条16G？通过对比浅谈该如何选择,14432,1573044575
article,13_1574825171.265,淘宝货源,83247154,5399,403,35个货源平台（带网址），除了1688这些平台你都知道吗？,385855,1568903043
article,17_1574825171.49,房地产,86091958,600,216,上海二手房，要变天,251313,1570766923
article,14_1574825171.695,熬夜,86159688,4755,140,这件事比熬夜还可怕,467015,1570786453
article,16_1574825173.461,阴谋,89655599,1215,173,又一个生鲜电商倒闭！大闹一场，人间蒸发，8万“韭菜”欲哭无泪,188471,1572594781
article,17_1574825173.202,李诞,91604006,3979,1101,假装有深度的罗振宇输给了假装浅薄的李诞,587983,1573626306
article,13_1574825173.23,英语,39605780,2632,65,英语48个音标发音(附详细图解),132743,1531385612
article,14_1574825173.966,高考数学,63134180,498,718,2020高考数学常用结论集锦（12页最全可打印修改）,20974,1555751436
article,13_1574825174.420,时尚,92231271,3478,219,佟丽娅被嘲上热搜：什么仙女，都是P的。,855313,1573972460
article,13_1574825174.169,孩子,88288488,807,193,过马路千万别只牵孩子的手！1个动作决定生死,115798,1571899549
article,15_1574825177.457,失恋,73588012,6313,766,绝对有效的走出失恋方法（真干货）,367101,1563121570
article,12_1574825177.179,苏州,86138056,26809,2162,苏州裸奔女崩溃刷屏：“快拍下她的裸体，发到朋友圈！”,2885310,1570781369
article,15_1574825177.113,八卦新闻,84393172,1953,176,“小虎队”陈志朋三度奔赴河南农村、准备扎根当地，背后真相出人意料！,263263,1569550757
article,14_1574825178.580,上海楼市,84026236,909,192,上海楼市，现在好像谁说都没用了...,211384,1569376879
article,15_1574825178.746,MySQL,91770135,170,16,如何保障mysql和redis之间的数据一致性？,12786,1573803511
article,15_1574825178.134,痛风,82322338,485,35,2019最新食物嘌呤表！尿酸高能吃什么不能吃什么，全都清楚了！,69456,1568282592
article,16_1574825178.142,罗永浩,90081979,36,10,最倒霉公司？江苏一公司被贾跃亭罗永浩欠款合计4400万,12249,1572860346
article,16_1574825179.521,电视剧,87026315,328,92,德云社为什么开不进天津,32748,1571057940
article,14_1574825179.611,南京,87975997,256,17,中国大案纪实：南京黑帮头目曹锦强的覆灭,41033,1571997832
article,16_1574825179.696,二胎,89901192,1040,126,怀二胎的章子怡终于活成了不争气的样子。我只想说：太好了,358062,1572766895
article,17_1574825179.776,房价,86949374,99,33,南京放松限购的…背后,27820,1571201258
article,16_1574825180.89,工程学,87191929,177,229,工程要闻 | 江苏砼价格暴涨100元/方！为何罪孽都要施工企业来消受？（2019.10.17）,48879,1571308402
article,17_1574825180.986,数码,92880509,9,8,30万元豪华轿车，奔驰和雷克萨斯谁更舒服？,3915,1574292612
article,15_1574825181.304,时尚,93418399,20,4,她是高晓松的梦中情人，让李健死心塌地35年：“李小璐们”，学着点吧！,2460,1574576550
article,16_1574825181.859,葡萄酒酒庄,85275538,1,0,开瓶后的葡萄酒可以保存多久？,166,1570265627
article,14_1574825181.91,单身,92433020,3117,284,李银河：给单身族的几个建议,130916,1574068633
article,16_1574825181.493,AirPods（2019）,89696579,37,15,苹果AirPods Pro拆解：维修？不可能,14358,1572606461
article,15_1574825182.912,互联网,88046208,1,0,每经11点丨深圳严控公共住房售价：最低2万/平，远低于商品房；袁隆平新目标每公顷产20吨水稻；南京拟规定禁止带宠物坐网约车,824,1571801069
article,16_1574825182.140,MacBook,87850153,76,20,到底有没有用？Touch Bar的正确打开方式,14213,1571711552
article,15_1574825182.436,网易面试,93423046,1390,243,说说网易裁掉绝症员工的事情,93812,1574578968
article,16_1574825182.127,网赚项目,79897821,148,21,从0赚到10万，我赚的很踏实！,20945,1566831490
article,14_1574825183.345,单身,88404507,126,40,“前戏”做到位，女生绝对无法拒绝你,181793,1572181205
article,17_1574825183.935,摄影,92695433,6714,201,我在5天内重拍Mac系统默认壁纸，才知道原来这么难。,193011,1574239124
article,16_1574825185.769,娃哈哈集团,32612095,32,6,坚守、危机、谋变与接班人：你所不知道的娃哈哈30年 | cover计划,4178,1515033232
article,17_1574825185.972,天空,92123505,1,0,不曾停留,10,1573895717
article,12_1574825185.749,程序员,91167083,1253,354,一个33岁老程序员的感悟,135652,1573392577
article,14_1574825185.697,恶作剧之吻（台剧）,91100236,26142,3254,我真的非常讨厌「袁湘琴」,809967,1573353700
article,16_1574825185.733,互联网,85103963,1,0,每经18点丨紫金山天文台发布“浪漫时刻表”：多场流星雨将至；莫迪宣布印度村庄实现&quot;厕所自由&quot;；脸书内部会议录音曝光：扎克伯格强烈抵制分拆公司,436,1570097936
article,15_1574825185.355,医学,86386778,36,12,靶向治疗耐药后选择南京世和百迈康139基因测序的后果--BRAF V600E驱动非小细胞肺癌实例分析,1943,1570911105
article,16_1574825185.835,娃哈哈集团,86208896,4,0,被宗庆后圈粉：十一长假每天加班，一年花费不超过5万,118,1570807352
article,17_1574825185.844,奇葩说（系列综艺）,89790048,33,6,仅三天，真能看到所谓的真相吗？,9004,1572681270
article,13_1574825186.26,葡萄酒,92903758,6,0,一级庄木桐发布2017年酒标，看得我面红耳赤心跳加速……,382,1574303782
article,14_1574825186.544,儿童,90635445,25829,1117,地铁上一张偷拍照火了：你的教养，就是孩子的起跑线,1781546,1573093427
article,13_1574825187.268,幼儿园,91649508,920,124,“我刚5岁，已经活成了成年人”,75914,1573639090
article,16_1574825187.658,高晓松,88594679,619,269,在奇葩说马薇薇身上，我看到了时间的可怕，也看到了高晓松的文人报复。,438577,1572068811
article,16_1574825187.317,陈情令（电视剧）,83523559,158,40,肖战、王一博火到泰国，这是腐女的胜利,27444,1569067271
article,16_1574825188.268,陈情令（电视剧）,89014579,35,2,《陈情令》之后肖战王一博多次合体，团队合作的传闻难道是真的？,7822,1572324708
article,14_1574825189.373,投资,91579941,2,3,滴滴回应“南京司乘人员纠纷”：行程中乘客要求超速遭拒引发，案件尚在侦办中,361,1573616739
article,17_1574825189.177,随便看看,90779834,45,17,用了一个月后，我全款退了iPhone 11 Pro Max,11940,1573157070
article,17_1574825189.265,中央处理器 (CPU),30582175,114,3,讲了这么多年的CPU频率，到底是什么？,8713,1509355149
article,13_1574825189.487,母婴,91830159,1195,189,那个半夜拼了命也不肯盖被子的娃，谁又懂他的苦？,246932,1573725041
article,14_1574825189.837,网上兼职,79310753,3604,1145,兼职轻松月入上千的都是些什么人？这12种副业你绝对值得尝试！,297949,1566460445
article,17_1574825190.491,华为,91231583,1095,726,华为胡玲事件大反转？原来她早已找好了下家，网友：这波操作够狠，杨某和高某太倒霉,328833,1573444342
article,16_1574825191.5,陈情令（电视剧）,76444664,783,178,《陈情令》江晚吟：其实他什么都知道，只是没有说,94828,1564760238
article,16_1574825191.374,互联网,90668495,3,3,每经午时丨全国首次！南京出台人才购房新政，确保人才购房最优先；任正非：最近华为公司到访客户增加了69%，他们去食堂看员工买不买肉,738,1573103203
article,17_1574825192.119,互联网,92640482,6,0,每经18点丨香港警方：理工大学拘捕或登记约1100人；江苏省原副省长缪瑞林一审获刑十年半；空客在迪拜航展斩获300亿美元订单，波音737MAX获新订单,2249,1574158656
article,14_1574825192.289,杰伦·布朗,91766397,13,6,48分钟狂轰140分，赛后主教练却发飙，三巨头拿70分赢球很无辜啊,11562,1573707850
article,16_1574825192.774,王菲,88503052,1005,297,窦唯前妻批评江一燕反被攻击：你不也是插足王菲的小三，装什么？,401371,1571995723
article,14_1574825193.379,中国联通,91491212,293,256,是谁给了中国联通欺诈用户的勇气？是什么造就了中国联通如此丑恶的嘴脸？,22995,1573562020
article,16_1574825193.805,上海楼市,93110536,331,48,最近上海的几条政策，可以说很微妙了,113670,1574390552
article,14_1574825193.643,老照片,84551482,800,274,苏州观前街的看客们，不要再狂欢了！,183368,1569642208
article,13_1574825194.833,随便看看,93200514,19,55,突然发现自己弟弟有点……艹我好崩溃……,24865,1574417655
article,15_1574825194.662,文化,75704679,3354,239,中国民间邪术大全,425259,1571820826
article,14_1574825194.245,王石（人物）,91766771,11289,1493,王石别忽悠了，现在年轻人只想搞钱。,906961,1573707973
article,16_1574825194.363,数学,77825884,370,30,用计算器按出来的常数--费根鲍姆常数,26187,1565635887
article,17_1574825194.147,白酒,92488262,13,8,说说老的贵州浓香酒,814,1574087149
article,14_1574825195.852,随便看看,85406475,315,288,看到我老婆就觉得好恶心,336637,1570376685
article,15_1574825195.494,电影,92799800,1165,117,巩俐生涯尺度最大，国内不敢上映！这部神作讲了啥？,523573,1574238535
article,15_1574825195.856,周冬雨（演员）,92251931,354,73,同是金马影后，马思纯和周冬雨的差距越来越大了,187325,1573983948
article,15_1574825195.697,八卦新闻,92808773,563,35,在林志玲婚礼“撒酒疯”的小S，你其实不必那么辛苦,174955,1574240715
article,17_1574825195.235,SSL,88056430,1,0,关于根证书与中间证书你该知道……,44,1571802372
article,17_1574825196.724,李小璐 & PG_ONE（2017年末事件）,92101966,628,132,李小璐凌晨2点发文引群嘲：不读书的人，到底输在哪里？,214207,1573958459
article,15_1574825196.171,演员请就位（综艺）,86327757,2978,814,赵薇昨晚的表现，足以说明黄晓明当年为什么追不上她？,945605,1570872120
article,17_1574825196.446,英语学习,93491323,11,1,英语学习是否真的存在捷径？,313,1574620886
article,12_1574825198.664,曼谷,87915865,4,0,隐藏在曼谷40年老街上的芒果糯米饭，才是真正的人间极品呀！,524,1571802992
article,15_1574825198.769,iPad Pro,87459715,2940,675,iPad、iPad Pro、iPad Air、iPad mini型号众多，到底有什么区别？该怎么选？,182996,1571462133
article,14_1574825198.770,娱乐,75989924,15547,1441,42岁的海清，不值得同情,2842127,1564556376
article,14_1574825199.454,魔道祖师（小说）,89726567,773,93,《魔道祖师》-同人番外 结丹,45336,1572623212
article,17_1574825199.16,张云雷,82430822,316,69,我只想回答“怎么看纲丝节上的张云雷”这个问题,18450,1568389092
article,13_1574825200.73,个人成长,81725286,12311,248,你有什么道理后悔没有早点知道？,1610624,1567955136
article,15_1574825200.256,企业转型,92953547,0,0,宗庆后越来越开放,42,1574319918
article,16_1574825200.799,魔兽世界,76676880,131,147,你为什么选择了当初WOW里的职业？,36682,1564968269
article,17_1574825200.128,南京,93643927,53,11,南京王朝短命真相,2716,1574688015
article,16_1574825201.295,随便看看,79701697,2707,842,恒大这个坑怎么破？,427353,1566722887
article,14_1574825201.653,儿童性侵,92331439,656,250,12岁女孩二次怀孕：遭全村多人性侵，8个月两次流产,136639,1574045613
article,17_1574825201.958,Nginx,91450202,13,0,Nginx负载均衡/SSL配置,87,1573545878
article,14_1574825201.126,加密,89751288,1,0,PHP基于openssl实现的非对称加密操作,40,1572660893
article,15_1574825201.91,美食,78333470,6468,329,猪肚鸡——一个容易被误解的菜,348412,1565928013
article,13_1574825202.27,A股（人民币普通股票）,82866347,314,61,目前的A股处于什么位置？此文无价，仅分享一次,53875,1568709271
article,17_1574825202.222,秋衣秋裤,92474862,307,38,穿秋衣秋裤不时髦？因为这些保暖的心机方法你都没在用,39582,1574081873
article,16_1574825202.249,动画片,92385272,21009,800,我被这部动画片的尺度震惊到了,936124,1574061954
article,13_1574825203.306,互联网,84330980,268,208,不甘做高铁弱省，今年山西拼了,40991,1569497286
article,15_1574825203.509,生成器,92290883,19957,620,狗屁不通文章生成器爆红，妈妈再也不用担心我的文章了,676038,1574004664
article,16_1574825203.688,广东省,87955505,503,26,最新GDP排行：广东江苏山东差距拉大，云贵赣增速领跑，13省跑输大盘,98943,1571743386
article,16_1574825203.406,Vlog,32639386,1044,12,Vlog入门到精通 1.Vlog简介及大神推荐,107141,1515081076
article,17_1574825203.399,中国大学排名,89426830,116,385,中国最好大学排行榜最新公布，华科追上南大，众多双非挤入100强,48477,1572489533
article,14_1574825204.284,感冒,76243142,2783,603,把鼻涕吸回去，把痰液吞下去，医生告诉你到底会不会让人生病？,828568,1564657732
article,13_1574825204.278,赵丽颖（演员）,78378982,4498,736,赵丽颖冯绍峰婚变大概率是真，极度渴望爱|脆弱自卑|情商低到没朋友赵丽颖vs有出轨前科的花花公子冯绍峰,532918,1565930536
article,16_1574825204.968,快消品行业,86192642,1,0,推动教育与实践 相结合,59,1570800030
article,12_1574825205.796,后端技术,82896897,641,76,中级前端必备知识点（2.5w+月薪）进阶,29824,1569225769
article,16_1574825205.744,电视节目,92946742,2173,113,只有16秒的新闻联播片头曲，你可能从未听懂过,185324,1574317508
article,15_1574825205.780,随便看看,92382188,1309,1415,华为公司真的工资很高吗？,734782,1574060573
article,12_1574825206.935,电视剧,92186775,1211,258,“霍思燕杜江的婚姻，根本不是我们想的那样！”,328020,1573942763
article,13_1574825206.87,快消品行业,87008959,1,0,原来你是这样的娃哈哈！！,340,1571218753
article,14_1574825206.613,SSL,86181160,2,0,CVE-2019-17059：Cyber??oam SSL VPN的RCE漏洞,110,1570794803
article,15_1574825206.897,陈情令（电视剧）,86388570,142,38,肖战：从16-1，这个世界只是相对温柔,9168,1570915428
article,16_1574825206.695,名爵ZS,86638246,521,76,带着好奇冰屋走南闯北的看山，这次把冷知识搬到了南京,441574,1571404246
article,15_1574825207.851,精灵宝可梦（Pokémon）,92106824,74,42,[Switch]宝可梦 剑盾 初玩(小提示),11080,1573890808
article,16_1574825207.288,IC卡,81384126,2529,173,手把手教 如何模拟IC加密卡,86509,1567738142
article,14_1574825208.421,新生儿,76878363,324,55,新生儿如何哄睡：给新手妈妈的12条建议,45486,1565080437
article,16_1574825208.467,阿沁,92916469,400,714,女孩子吃阿沁的颜？男孩子更吃半藏森林的颜？就以审美而论，如果能换脸，你更愿意有谁的颜值？,295216,1574318357
article,13_1574825208.940,罗振宇,92015155,1122,140,“毒奶罗振宇”，在《奇葩说》进一步巩固了他的江湖地位,119074,1573815163
article,16_1574825208.835,香港娱乐圈,90663584,380,65,万绮雯：“香港第一美腿”，与甄子丹热恋4年，又7天后闪婚编剧,98012,1573101642
article,14_1574825209.239,恋爱,85654067,32,0,如果女生带你去做这件事，说明她是真心喜欢你，一定要把握住机会,8147,1570535185
article,17_1574825209.497,性感,93083745,876,127,一个直男眼中的性感女王，私底下想活得更严肃和朴素,133831,1574383287
article,15_1574825210.595,HTTP,93202220,80,5,面试官：一个 TCP 连接可以发多少个 HTTP 请求？我竟然答不上来,5698,1574416787
article,17_1574825210.267,HTTPS,91161411,19,0,用漫画的形式告诉你什么是 https ！！,332,1573393219
article,13_1574825210.208,情商,91811835,620,23,18个为人处世的心机，学会一半做个有城府高情商的人,50964,1573720094
article,15_1574825210.42,亚马逊 (Amazon.com),87010294,107,19,我的真实经历|用一个产品在2-3个月在亚马逊赚到23万-所有你需要知道的,14104,1571221109
article,17_1574825212.819,故意杀人,86495327,1393,226,河南齐萍萍残杀双亲，肢解煮尸案件始末,461607,1570984014
article,14_1574825213.952,薪酬管理,87838708,399,67,华为薪酬体系大曝光：看完就知道工资高低的差别了。,108502,1571708800
article,13_1574825214.359,淘宝拍卖,89467435,106,73,小白也可以，闲鱼卖货日赚200元详细操作方法,7912,1572503357
article,15_1574825214.652,八卦新闻,89392223,48556,1663,李小璐PGone被锤，到底是谁在报复谁？,4059934,1572454372
article,16_1574825214.794,烘焙,84563098,304,17,排队3小时吃的南大门红豆糕？不如我教你在家做！,22623,1569650406
article,13_1574825214.149,肖战,82643912,1163,109,起底“博君一肖”爆红逻辑：人间社畜VS酷盖男孩,38065,1568604546
article,15_1574825215.335,酒店,91078804,661,278,不堪入目！一男两女住酒店，凌晨3点悄悄离开！打开房门经理傻了,389775,1573318871
article,14_1574825217.744,卖房,89477718,177,64,楼市大变天！马云突然宣布卖房丨牛吧云播,81291,1572505781
article,16_1574825217.511,职场,85305315,200,19,单位饭局领导很多如何敬酒？套用3种话术足够了，会来事受重用,23790,1570285340
article,17_1574825217.632,费曼技巧,88209825,4392,194,费曼学习法：为何被称为史上最牛的学习法，它的本质究竟是什么？,173675,1571849831
article,12_1574825217.822,小学教育,28656393,859,2,一所著名小学校长的忠告：孩子上一年级，家长一定要做好这些准备！（太值得收藏了！）,87518,1503292122
article,16_1574825217.57,独居,92775239,545,172,28岁女生出租屋独居引围观：生性薄凉的人，活得有多爽？,101336,1574304000
article,17_1574825218.949,随便看看,86909946,17275,1110,如何解读雪莉ins画（细思极恐）,2989311,1571191405
article,14_1574825218.900,考研政治,67874441,1540,244,【20考研】肖1000题浓缩背诵版1-60【2020版最新】,56104,1559532697
article,16_1574825218.218,沙雕,67792243,1868,21,500张各种沙雕表情包（史上最全版）,168803,1560931010
article,15_1574825219.980,王一博,84498126,305,2058,王一博这么diss肖战，是疯了吗？粉丝也脱饭回踩控诉其太“绿茶”,112865,1569589459
article,14_1574825220.22,英语四六级改革,92907725,53,3,12月四六级考试—中国经济系列话题翻译押题,3276,1574303568
article,13_1574825222.382,主持人,90576308,25365,1157,谢娜与董卿同台被“碾压”: 文化断层到底有多可怕?,1072178,1573047546
article,14_1574825222.572,李小璐,90620737,774,267,“李小璐出轨视频曝光7天后，我识破了令人胆寒的爱情真相”,245038,1573089756
article,15_1574825223.968,房奴,93667804,529,111,楼市里最大的流氓出现了,125964,1574695713
article,17_1574825223.232,网贷风险,83742265,149,90,因面子，深陷网贷的我，最后这样上岸,63566,1569225309
article,14_1574825224.278,买房,92191422,222,124,33岁重庆小伙，亲手打造450㎡江景房，邀请父母同住,37062,1573952118
article,15_1574825224.431,恋爱,92878279,417,48,“迷你犬让二哈意外怀孕”爆红韩国！网友：别告诉泰迪！！！,52945,1574285948
article,16_1574825224.425,自动挡,79860445,712,263,自动挡等红灯时可以一直D挡踩刹车吗,415078,1566812887
article,17_1574825224.114,红楼梦十二钗,93384781,1,1,金陵十二钗正册为什么有妙玉？,977,1574555763
article,16_1574825224.284,华为Mate,92385853,1827,38,华为手机一定要了解的7个设置！1秒开启使用，实在太强大了,44144,1574061448
article,13_1574825225.96,刘涛,92353372,339,65,刘涛，你够了！,215325,1574051699
article,14_1574825225.29,科技,90678851,7,6,南京重磅新政！好房子人才优先选，机关事业单位首次纳入，看看你达标了吗？,2881,1573106776
article,13_1574825225.172,谢娜（主持人）,78797783,9247,693,谢娜被何炅排挤疏远：活得太自我的人，下场都很惨,1354921,1566197039
article,13_1574825226.344,随便看看,92161018,170,232,乳腺癌日志（1）：发现到确诊,56976,1573914962
article,17_1574825226.358,苏州工业园区,79928477,305,200,怎么一夜之间，苏州得到那么多利好,68426,1566872402
article,15_1574825226.168,李诞,92630014,468,220,李诞，今天谢谢你，因为你让我们看到了人性虚伪的一面,122286,1574156116
article,16_1574825226.227,成都七中,91812432,521,292,成都七中难考吗？四川最厉害的高中为什么是成都七中？,115484,1573720298
article,17_1574825226.581,家居,88551490,134,80,青岛房价重回2016年？,34482,1572019783
article,13_1574825227.20,阿里巴巴 HR,89420112,1781,270,阿里把我待岗了，月薪从2.4万变成了1512元，这一招好狠,212562,1572488541
article,14_1574825227.296,苏州,84401509,2248,1568,江苏——一个越来越尴尬的省份（二）,498080,1570699668
article,16_1574825227.966,李小璐 & PG_ONE（2017年末事件）,89554668,2736,95,李小璐PGone的事虽然很狗血，但跟这些圈内“奇葩恋”比起来还是差一点,925491,1572534003
article,17_1574825227.42,SSL,86304211,1,0,（五）HTTPS抓包了解TLS握手流程,112,1571233231
article,13_1574825227.293,股票市场,85442831,680,56,中国真正厉害的一种人：炒股的人都是孤独的，此文无价，很短很深,59668,1570448976
article,15_1574825227.487,姚晨,91900994,1018,201,姚晨被曝四次婚内出轨，凌潇肃：和她离婚，我不后悔,243354,1573781151
article,16_1574825228.500,SSL,86550200,1,0,你还在用自签名SSL证书吗？,115,1571023609
article,16_1574825229.568,加密,88262154,1,1,256位加密的安全性如何？,109,1571888972
article,13_1574825230.324,英语,89036418,1958,21,攻克四级英语作文，2019通用模板,54472,1572330883
article,14_1574825230.197,李小璐 & PG_ONE（2017年末事件）,91567404,1531,360,李小璐：嫁一个对你好但你不爱的人……,195197,1573613730
article,14_1574825230.956,甲状腺囊肿,92916769,3,1,4个 诱发甲状腺结节的不良生活习惯 您有吗？,2930,1574305606
article,15_1574825231.907,体制内,77431584,565,148,在体制内如何正确称呼领导？,135990,1565357442
article,13_1574825232.470,互联网,86437539,276,315,南京“211”大学毕业生自杀，家人在催债声中送别，爷爷：“希望他是最后一个”,80982,1570952249
article,14_1574825232.137,社会阶层,83173302,2464,235,新(伪)中产的阶层困境,327073,1568876909
article,15_1574825232.816,陈情令（电视剧）,91352801,76,14,陈情令番外（莲花坞）,10026,1573493925
article,17_1574825232.594,加密/解密,93672329,1,0,RSA 与SSL,11,1574698008
article,14_1574825232.417,男人的那点事,93221133,165,29,长期关系的秘密：怎样和男人相处,42938,1574426638
article,16_1574825233.682,李小璐,92058345,709,106,李小璐：有关我出轨，得从9岁那年说起…,198077,1573841307
article,17_1574825233.783,李小璐 & PG_ONE（2017年末事件）,89556408,1485,350,李小璐失去了太多,531518,1572534236
article,14_1574825234.604,抖音吸粉,83983901,1843,328,做了900个抖音号总结的抖音玩法-全程干货,126125,1569334915
article,15_1574825234.916,豆瓣电影,91924847,9771,359,时隔21年，《海上钢琴师》你真的看懂了吗？,396674,1573787156
article,16_1574825234.815,美国文化,93281299,16764,1864,美国“伟大”吗？,648943,1574480606
article,16_1574825235.500,装修,88014982,6438,552,我在北京买了一套24m2的胶囊房，然后......,332249,1571795320
article,17_1574825235.974,宋仲基,82430663,2147,53,宋仲基离婚后私生活曝光，揭露了婚姻中残酷的真相,716812,1568387865
article,12_1574825236.223,随便看看,93889973,6,1,dota2 船新版本7.23 全英雄更新日志,902,1574821037
article,13_1574825236.713,随便看看,91191964,266,2077,跟媳妇三观不和，该怎么度过余生？,147899,1573429976
article,16_1574825236.439,苹果中国,92775435,25,37,苹果官宣发布会！iPhone 12关键信息遭扒光？,14765,1574233656
article,15_1574825237.340,From Software,93197959,121,15,“XX黑魂”这么多，到底什么是魂like？,5824,1574415771
article,16_1574825237.161,SSL,86899995,10,2,大多数 SSL 证书签发错误的主要原因是软件错误,1012,1571184418
article,13_1574825237.600,娱乐圈,87229326,9871,526,娱乐圈到底有多乱？,2010126,1571324728
article,16_1574825237.609,教育,89181055,1419,855,南京妈妈已疯，上海妈瑟瑟发抖，减负，这次真的从根子上减啦！,268221,1572393581
article,15_1574825238.114,婚姻,83657334,2451,142,梁朝伟被爆出轨：好的婚姻，是一场修行,657698,1569201450
article,13_1574825239.320,网易,89340704,706,38,背调威胁后，网易HR又威胁要算我旷工,21927,1572431974
article,14_1574825239.829,导航软件,91044824,553,177,导航软件是怎么知道前方拥堵的,240006,1573299396
article,16_1574825239.783,科技,90788020,26,11,江苏给所有人出了169个难题 出价1.8亿元 你敢接吗？,16006,1573148957
article,14_1574825240.499,股票,88481714,35,7,"""缩量上涨必将暴涨，缩量下跌必将暴跌""，狠狠读了10遍，太透彻了",6606,1571990404
article,17_1574825240.684,美食,26485626,10793,634,老田的口水鸡,488167,1492696742
article,12_1574825241.79,随便看看,88662394,2022,568,强奸对女性的伤害有多大,755776,1572105487
article,16_1574825241.861,清代历史人物,93322995,29,20,苏麻喇姑墓中的真实情景，让人们看到了康熙皇帝不为人知的另外一面,34270,1574500151
article,16_1574825241.162,唱功,91544051,21652,840,48岁韩红至今未婚，穷到几乎倾家荡产，真相让人叹息！,783695,1573608047
article,17_1574825241.223,饭局,85260015,5193,654,陪领导参加饭局，懂2个座次5道程序3套话术，不会喝酒也受重用,420012,1570257098
article,13_1574825242.392,情感,77449190,4636,188,王菲50岁，我想公开她的朋友圈,607928,1565369495
article,17_1574825242.37,互联网,86335703,8,5,南京自杀“211”大学毕业生征信报告曝光：招联金融等10家持牌机构1年放款36次,1939,1570874559
article,16_1574825243.333,SSL,92774800,1,0,F5 Virtual Servers 调用证书,6,1574232525
article,14_1574825243.122,NBA,83561552,26,5,从塞尔维亚到NBA，这位史上“最贵新秀”在逐渐兑换自己的潜力,10724,1569113686
article,15_1574825243.562,李小璐,92347559,106,26,李小璐为何出轨94年的Pgone？贾乃亮：喜欢小的,44784,1574058720
article,14_1574825244.982,胡歌（演员）,80843448,724,39,胡歌采访：孤独是你最好的增值期,40395,1567418388
article,14_1574825244.634,SSL,92384525,8,0,网络通信必备基础之SSL握手&DNS解析（三）,45,1574061127
article,15_1574825244.612,陈情令（电视剧）,92475883,75,5,看完陈情令有哪些你记忆犹新的名场面？,6351,1574082023
article,14_1574825245.43,甲状腺癌,84040508,366,38,看到甲状腺结节就怂了，查出甲状腺癌就想割了，华西专家说，你慌个铲铲！,41281,1569380858
article,15_1574825245.149,papi 酱,91828214,6133,324,papi酱的野心有多大？,2068519,1573726544
article,16_1574825245.523,芝麻信用,88801186,3711,1137,还在使用花呗吗？小心你的征信已经黑了,843869,1572228636
article,17_1574825245.607,随便看看,78281670,4030,3453,婆婆把你存在冰箱的母乳全破坏了,1065780,1565853024
article,13_1574825246.991,电影推荐,32934118,11037,209,历史上100部逆天电影，全部豆瓣9分以上，够你看一年！（上）,645805,1515935118
article,16_1574825246.856,康熙帝,91546292,273,113,爱新觉罗福临，只活了24岁，却有17个孩子，到底是如何做到的？,194287,1573608562
article,14_1574825247.610,随便看看,88115911,1155,825,胸大是怎样的感觉,1028680,1571818490
article,16_1574825247.668,婚姻,92282433,786,77,61岁天后终生未婚，无性无爱，闭门不出，被母亲“毁掉”一生,184043,1574006080
article,12_1574825247.614,甲状腺癌,80694785,2637,633,年纪轻轻得癌 是怎样的体验,401134,1567328973
article,14_1574825248.946,上司,92754511,1010,102,坐我对面的女同事怀孕辞职了···,771146,1574226681
article,15_1574825248.633,飞机,79106487,3347,425,飞机上“不雅行为”曝光的背后，我看到了更恶心的一幕,616721,1566355294
article,15_1574825249.182,码农提问,87648096,4199,304,在中国程序员是青春饭吗？,337909,1571757443
article,17_1574825249.168,随便看看,92410586,8,7,感染hpv，噩梦般的经历！,4709,1574065836
article,17_1574825249.710,网贷风险,80693575,927,1308,网贷24万，自己想了一套自救方案，求大神点评,348880,1567332883
article,14_1574825250.788,儿童教育,92003380,9268,409,7岁女孩眼睛里被塞满小纸片：小孩子的恶，再一次刷新了我的三观,209935,1573958481
article,14_1574825250.811,章泽天,92622846,2,3,奶茶妹妹生日，只晒女儿未提刘强东，二人将走向何方,3366,1574154461
article,17_1574825250.531,电视剧,92727289,2313,89,《家有儿女》：夏东海为什么跟前妻离婚,487720,1574217743
article,15_1574825251.584,过生日,92652187,128,75,章泽天26岁生日叹命运转折，却只字不提刘强东：能有今天全靠我自己,117671,1574163564
article,16_1574825251.490,医生,86539936,1193,92,如何孝顺父母？作为一个医生，我给大家分享三个故事，看后你就知道该如何做了。,31250,1571021186
article,17_1574825251.724,Apple Store,93308927,3,11,macOS11 最新设计曝光，Apple Store 商店的「评级与评论」功能被撤下，今日限免提醒,3345,1574494579
article,13_1574825251.246,职场与成长,92727721,153,16,[转] 永远都不要做的事,21514,1574217846
article,13_1574825252.547,宝宝感冒,91665013,364,112,五岁小孩吃感冒药失聪，你还在给宝宝吃这些药？,53789,1573646969
article,16_1574825252.29,时尚,86153650,20148,4529,黄磊13岁女儿被10000条脏话骂上热搜：毁掉一个孩子，忽视这件事就够了,1730098,1570847868
article,13_1574825253.759,随便看看,88001384,5649,348,体制内生存的十个潜规则,513383,1571785830
article,14_1574825254.91,不孕不育,90269592,1974,272,新婚13天，被丈夫砍断手指，虐待致流产，终生不孕，星途就此葬送,376686,1572946237
article,16_1574825254.918,Linux,90980654,247,27,Linux背后的思想,30458,1573267143
article,15_1574825254.840,杨幂,90044333,1536,411,魏大勋和杨幂这是官宣恋爱了，一波三折暗暗发糖！,883721,1572850591
article,15_1574825254.281,婚姻生活,83923514,129,37,“再婚妻子和前妻，有什么不同？”听听40岁再婚男人的感受,78271,1569312834
article,12_1574825256.314,电影推荐,32977590,10241,227,历史上100部逆天电影，全部豆瓣9分以上，够你看一年！（下）,701739,1516067855
article,14_1574825257.413,李诞,91604006,3979,1101,假装有深度的罗振宇输给了假装浅薄的李诞,588042,1573626306
article,15_1574825257.553,投资,86394734,13,37,南京“211”大学毕业生跳楼自杀，死前1年从10家持牌金融机构贷款36次,7132,1570926983
article,14_1574825257.411,阴谋,89655599,1215,173,又一个生鲜电商倒闭！大闹一场，人间蒸发，8万“韭菜”欲哭无泪,188498,1572594781
article,16_1574825257.938,娱乐,91050869,829,93,我越来越认不出来大鹏了,261812,1573302270
article,17_1574825257.561,HTTPS,90183584,1,0,全球使用https加密流量比例超九成,18,1572924277
article,17_1574825258.83,陈情令（电视剧）,76482278,1393,160,《陈情令》蓝家第一嘴炮蓝景仪，是如何在四千条家规下长大的,82454,1564804703
article,17_1574825258.626,王者荣耀,91280246,171,15,王者荣耀：如何成为一名优秀打野？四点节奏/首要推塔/如何抓人/反野思路（详细分析）,5834,1573460504
article,16_1574825259.945,杨颖（Angelababy）,88892836,2119,169,Angelababy回应婚变被群嘲：“求求你，别再装了！”,216382,1572252604
article,15_1574825259.355,育儿,71822079,226,14,做好这几件事，和奶睡、抱睡说拜拜 !,40711,1562031586
article,16_1574825260.400,时尚,92231271,3478,219,佟丽娅被嘲上热搜：什么仙女，都是P的。,855392,1573972460
article,13_1574825260.987,上海楼市,84026236,909,192,上海楼市，现在好像谁说都没用了...,211389,1569376879
article,16_1574825260.704,八卦新闻,84393172,1953,176,“小虎队”陈志朋三度奔赴河南农村、准备扎根当地，背后真相出人意料！,263263,1569550757
article,12_1574825261.232,苏州,86138056,26809,2162,苏州裸奔女崩溃刷屏：“快拍下她的裸体，发到朋友圈！”,2885329,1570781369
article,15_1574825261.42,奇葩说 第六季（综艺）,92600832,398,102,奇葩说，不要把观众想的太凉薄,46342,1574153393
article,16_1574825261.921,MySQL,91770135,170,16,如何保障mysql和redis之间的数据一致性？,12791,1573803511
article,14_1574825263.303,保研,93875028,17,1,用数据告诉你：这！就是保研,1137,1574818297
article,15_1574825263.122,房价,86949374,99,33,南京放松限购的…背后,27820,1571201258
article,14_1574825264.294,房地产,86091958,600,216,上海二手房，要变天,251313,1570766923
article,17_1574825264.639,单身,92433020,3117,284,李银河：给单身族的几个建议,130934,1574068633
article,17_1574825264.680,肖战,79615018,919,114,关于肖战和王一博,51302,1566636575
article,16_1574825264.717,SSL,93405636,3,0,使用验证客户端证书方式保护家庭nas,244,1574573664
article,15_1574825265.263,韩国,93123094,348,49,揭秘韩国本质——美国是如何达成控制韩国实际权力的,19366,1574401792
article,16_1574825265.173,英文论文,85839768,469,7,英文润色软件体验—StyleWriter（二）,22767,1570632456
article,15_1574825266.374,MacBook,87850153,76,20,到底有没有用？Touch Bar的正确打开方式,14213,1571711552
article,16_1574825266.505,海贼王（ONE PIECE）,92895685,5,5,想知道海贼王中凯多是怎样欠了大妈一个天大的人情吗？,1577,1574300825
article,17_1574825266.783,数码,92880509,9,8,30万元豪华轿车，奔驰和雷克萨斯谁更舒服？,3915,1574292612
article,12_1574825267.346,网易面试,93423046,1390,243,说说网易裁掉绝症员工的事情,93910,1574578968
article,13_1574825267.318,网赚项目,79897821,148,21,从0赚到10万，我赚的很踏实！,20947,1566831490
article,17_1574825267.232,二胎,89901192,1040,126,怀二胎的章子怡终于活成了不争气的样子。我只想说：太好了,358070,1572766895
article,12_1574825268.509,电视剧,87026315,328,92,德云社为什么开不进天津,32748,1571057940
article,16_1574825268.314,摄影,92695433,6714,201,我在5天内重拍Mac系统默认壁纸，才知道原来这么难。,193134,1574239124
article,15_1574825269.955,膝盖损伤,93177740,12,2,靠墙蹲真的没那么简单,1605,1574417328
article,17_1574825269.793,张云雷,93843314,9,19,张云雷被要求道歉，粉丝不再听京剧反击，德云社又一位大师兄落难,1768,1574778982
article,12_1574825269.185,程序员,91167083,1254,354,一个33岁老程序员的感悟,135697,1573392577
article,15_1574825269.383,恶作剧之吻（台剧）,91100236,26142,3254,我真的非常讨厌「袁湘琴」,810029,1573353700
article,17_1574825269.604,罗永浩,90081979,36,10,最倒霉公司？江苏一公司被贾跃亭罗永浩欠款合计4400万,12249,1572860346
article,17_1574825270.475,肖战,84331853,34,61,我可怜的小赞，网曝3家公司合力开发他，累到眼睛都红肿了！,13409,1569501139
article,16_1574825270.22,AirPods（2019）,89696579,37,15,苹果AirPods Pro拆解：维修？不可能,14358,1572606461
article,17_1574825270.28,互联网,88046208,1,0,每经11点丨深圳严控公共住房售价：最低2万/平，远低于商品房；袁隆平新目标每公顷产20吨水稻；南京拟规定禁止带宠物坐网约车,824,1571801069
article,13_1574825270.304,儿童,90635445,25830,1117,地铁上一张偷拍照火了：你的教养，就是孩子的起跑线,1781610,1573093427
article,17_1574825270.144,投资,91579941,2,3,滴滴回应“南京司乘人员纠纷”：行程中乘客要求超速遭拒引发，案件尚在侦办中,361,1573616739
article,13_1574825271.554,双十二,93782989,15,2,3个小建议，年底存下钱,1764,1574756454
article,17_1574825271.672,高晓松,88594679,619,269,在奇葩说马薇薇身上，我看到了时间的可怕，也看到了高晓松的文人报复。,438582,1572068811
article,17_1574825272.523,陈情令（电视剧）,93060585,38,1,你是什么样的含光君？浅析剧版与书版蓝忘机的差异,2779,1574349813
article,17_1574825273.0,医学,86386778,36,12,靶向治疗耐药后选择南京世和百迈康139基因测序的后果--BRAF V600E驱动非小细胞肺癌实例分析,1943,1570911105
article,12_1574825273.268,艺术留学,93443376,76,13,哪些专业未来可能难就业,18029,1574589816
article,15_1574825273.757,基金公司,93714783,52,5,基金公司又来收智商税了,6681,1574736825
article,13_1574825274.246,母婴,91830159,1195,189,那个半夜拼了命也不肯盖被子的娃，谁又懂他的苦？,246992,1573725041
article,14_1574825274.657,网上兼职,79310753,3604,1145,兼职轻松月入上千的都是些什么人？这12种副业你绝对值得尝试！,297960,1566460445
article,16_1574825275.124,陈情令（电视剧）,83523559,158,40,肖战、王一博火到泰国，这是腐女的胜利,27444,1569067271
article,16_1574825275.699,时尚,93418399,20,4,她是高晓松的梦中情人，让李健死心塌地35年：“李小璐们”，学着点吧！,2463,1574576550
article,15_1574825276.375,互联网,90668495,3,3,每经午时丨全国首次！南京出台人才购房新政，确保人才购房最优先；任正非：最近华为公司到访客户增加了69%，他们去食堂看员工买不买肉,738,1573103203
article,14_1574825276.2,养老,77470215,4527,2010,对不起，由于超过70岁，你已经不适合活下去了…,245300,1565405550
article,17_1574825276.759,杰伦·布朗,91766397,13,6,48分钟狂轰140分，赛后主教练却发飙，三巨头拿70分赢球很无辜啊,11564,1573707850
article,15_1574825277.473,开源,88606167,3043,58,这10个让你笑的合不拢嘴的GitHub项目，居然拿了7万星,178856,1572398471
article,17_1574825277.258,奇葩说（系列综艺）,92220221,121,93,新星许吉如的淘汰之路,29027,1573964933
article,16_1574825277.136,老照片,84551482,800,274,苏州观前街的看客们，不要再狂欢了！,183369,1569642208
article,13_1574825278.449,电影,92799800,1165,117,巩俐生涯尺度最大，国内不敢上映！这部神作讲了啥？,523705,1574238535
article,16_1574825278.337,随便看看,85406475,315,288,看到我老婆就觉得好恶心,336652,1570376685
article,14_1574825279.959,李小璐 & PG_ONE（2017年末事件）,92101966,628,132,李小璐凌晨2点发文引群嘲：不读书的人，到底输在哪里？,214239,1573958459
article,15_1574825279.165,增肌,93775768,45,2,新手增肌不练背怎么行？,2344,1574755164
article,17_1574825279.927,互联网,85103963,1,0,每经18点丨紫金山天文台发布“浪漫时刻表”：多场流星雨将至；莫迪宣布印度村庄实现&quot;厕所自由&quot;；脸书内部会议录音曝光：扎克伯格强烈抵制分拆公司,436,1570097936
article,14_1574825280.401,美食,22894650,4107,409,厦门土著告诉你，怎么吃才叫地道,278165,1476244119
article,15_1574825280.931,Hip Hop（嘻哈音乐）,80785231,1459,84,来了！法老的JK女装上线,156666,1567417579
article,16_1574825280.335,工程学,87191929,177,229,工程要闻 | 江苏砼价格暴涨100元/方！为何罪孽都要施工企业来消受？（2019.10.17）,48879,1571308402
article,14_1574825280.85,耳鸣,93806244,0,0,耳鸣与抑郁，一线之隔,439,1574763057
article,15_1574825281.398,演员请就位（综艺）,86327757,2978,814,赵薇昨晚的表现，足以说明黄晓明当年为什么追不上她？,945606,1570872120
article,13_1574825282.928,弹幕视频网站,89429515,8193,143,B站真是个好东西！,279153,1572493986
article,12_1574825282.403,曼谷,87915865,4,0,隐藏在曼谷40年老街上的芒果糯米饭，才是真正的人间极品呀！,524,1571802992
article,14_1574825282.931,程序员面试,93813162,7,0,Facebook面试真题，最优解来了！,888,1574765516
article,15_1574825282.778,王石（人物）,91766771,11289,1493,王石别忽悠了，现在年轻人只想搞钱。,907045,1573707973
article,15_1574825283.984,周冬雨（演员）,92251931,354,73,同是金马影后，马思纯和周冬雨的差距越来越大了,187343,1573983948
article,16_1574825283.391,娱乐,75989924,15547,1441,42岁的海清，不值得同情,2842144,1564556376
article,14_1574825283.345,iPad Pro,87459715,2941,675,iPad、iPad Pro、iPad Air、iPad mini型号众多，到底有什么区别？该怎么选？,183005,1571462133
article,16_1574825283.435,电子竞技,89965776,51,19,电竞早报：EHOME四连胜拿下海南大师赛冠军；拒绝者Major看好EG,4790,1572817155
article,17_1574825285.815,南京,87975997,256,17,中国大案纪实：南京黑帮头目曹锦强的覆灭,41035,1571997832
article,13_1574825285.34,互联网,84330980,268,208,不甘做高铁弱省，今年山西拼了,40991,1569497286
article,14_1574825285.805,随便看看,79701697,2707,842,恒大这个坑怎么破？,427371,1566722887
article,17_1574825285.698,动画片,92385272,21009,800,我被这部动画片的尺度震惊到了,936223,1574061954
article,13_1574825285.320,随便看看,93388780,8,21,gay太在乎，更容易失去,3550,1574559779
article,17_1574825285.322,A股（人民币普通股票）,82866347,314,61,目前的A股处于什么位置？此文无价，仅分享一次,53876,1568709271
article,13_1574825286.762,个人成长,81725286,12311,248,你有什么道理后悔没有早点知道？,1610639,1567955136
article,15_1574825286.101,生成器,92290883,19957,620,狗屁不通文章生成器爆红，妈妈再也不用担心我的文章了,676246,1574004664
article,17_1574825287.340,加密,89751288,1,0,PHP基于openssl实现的非对称加密操作,40,1572660893
article,14_1574825287.322,企业转型,92953547,0,0,宗庆后越来越开放,42,1574319918
article,14_1574825288.349,张云雷,82430822,316,69,我只想回答“怎么看纲丝节上的张云雷”这个问题,18450,1568389092
article,15_1574825288.890,广东省,87955505,503,26,最新GDP排行：广东江苏山东差距拉大，云贵赣增速领跑，13省跑输大盘,98943,1571743386
article,16_1574825288.600,围棋,93423989,72,50,现代围棋史上的十大棋手,12406,1574581949
article,15_1574825288.438,陈情令（电视剧）,76444664,783,178,《陈情令》江晚吟：其实他什么都知道，只是没有说,94828,1564760238
article,17_1574825288.454,早起,84009104,3397,356,无痛起床大法——早起会上瘾,279718,1569364837
article,14_1574825288.838,感冒,76243142,2783,603,把鼻涕吸回去，把痰液吞下去，医生告诉你到底会不会让人生病？,828624,1564657732
article,17_1574825288.55,中国大学排名,89426830,116,385,中国最好大学排行榜最新公布，华科追上南大，众多双非挤入100强,48479,1572489533
article,13_1574825289.636,高考数学,63134180,498,718,2020高考数学常用结论集锦（12页最全可打印修改）,20975,1555751436
article,14_1574825289.920,后端技术,82896897,641,76,中级前端必备知识点（2.5w+月薪）进阶,29824,1569225769
article,17_1574825289.783,学历,92389054,175,19,论学历的重要性？,75881,1574062230
article,12_1574825289.884,电视剧,92186775,1211,258,“霍思燕杜江的婚姻，根本不是我们想的那样！”,328031,1573942763
article,15_1574825289.431,陈情令（电视剧）,86388570,142,38,肖战：从16-1，这个世界只是相对温柔,9168,1570915428
article,16_1574825289.332,快消品行业,86192642,1,0,推动教育与实践 相结合,59,1570800030
article,12_1574825290.953,贾乃亮,89793764,7429,869,Pgone最恶心的不是睡嫂子李小璐？,3182132,1572683051
article,16_1574825290.570,邓丽君（人物）,87880779,4163,625,“人设崩塌”，没想到你是这样的邓丽君！,1072177,1571722561
article,14_1574825290.626,快消品行业,87008959,1,0,原来你是这样的娃哈哈！！,340,1571218753
article,16_1574825290.130,SSL,86181160,2,0,CVE-2019-17059：Cyber??oam SSL VPN的RCE漏洞,110,1570794803
article,15_1574825291.925,电子竞技,90765334,157,29,【刀圈二三事】MidOne哥哥爆料其离队原因；核桃素质三连，龙神直播间被封,27206,1573134344
article,16_1574825291.992,数学,77825884,370,30,用计算器按出来的常数--费根鲍姆常数,26187,1565635887
article,17_1574825291.244,奇葩说（系列综艺）,89790048,33,6,仅三天，真能看到所谓的真相吗？,9004,1572681270
article,17_1574825292.881,恋爱,85654067,32,0,如果女生带你去做这件事，说明她是真心喜欢你，一定要把握住机会,8147,1570535185
article,12_1574825292.659,新生儿,76878363,324,55,新生儿如何哄睡：给新手妈妈的12条建议,45487,1565080437
article,17_1574825293.657,赵丽颖（演员）,78378982,4498,736,赵丽颖冯绍峰婚变大概率是真，极度渴望爱|脆弱自卑|情商低到没朋友赵丽颖vs有出轨前科的花花公子冯绍峰,532922,1565930536
article,13_1574825293.532,HTTP,93202220,80,5,面试官：一个 TCP 连接可以发多少个 HTTP 请求？我竟然答不上来,5703,1574416787
article,15_1574825293.606,八卦新闻,92808773,563,35,在林志玲婚礼“撒酒疯”的小S，你其实不必那么辛苦,174974,1574240715
article,15_1574825294.266,罗振宇,92015155,1122,140,“毒奶罗振宇”，在《奇葩说》进一步巩固了他的江湖地位,119089,1573815163
article,16_1574825294.201,精灵宝可梦（Pokémon）,92106824,74,42,[Switch]宝可梦 剑盾 初玩(小提示),11081,1573890808
article,13_1574825294.981,创业,88133092,36606,10,怎么快速合法地挣到一百万？,2764729,1571818868
article,16_1574825295.792,上海楼市,93110536,331,48,最近上海的几条政策，可以说很微妙了,113674,1574390552
article,17_1574825295.945,装修,91372471,109,8,22个家居“遮丑”神技，最低5块，效果堪比整容！,16386,1573523596
article,13_1574825295.417,牙垢,92288190,155,119,用手抠掉牙结石，你肯定没见过！,193899,1574003359
article,16_1574825295.960,华为,91231583,1095,726,华为胡玲事件大反转？原来她早已找好了下家，网友：这波操作够狠，杨某和高某太倒霉,328836,1573444342
article,13_1574825298.360,薪酬管理,87838708,399,67,华为薪酬体系大曝光：看完就知道工资高低的差别了。,108508,1571708800
article,15_1574825298.213,八卦新闻,89392223,48556,1663,李小璐PGone被锤，到底是谁在报复谁？,4059937,1572454372
article,16_1574825298.208,烘焙,84563098,304,17,排队3小时吃的南大门红豆糕？不如我教你在家做！,22623,1569650406
article,13_1574825298.678,故意杀人,86495327,1393,226,河南齐萍萍残杀双亲，肢解煮尸案件始末,461614,1570984014
article,15_1574825298.687,陈情令（电视剧）,80108203,842,170,陈情令：是怎么从陈二狗变为陈总的？,36569,1566962782
article,16_1574825298.40,随便看看,93859363,0,5,大学sb室友,220,1574787637
article,14_1574825299.92,Nginx,91450202,13,0,Nginx负载均衡/SSL配置,87,1573545878
article,15_1574825299.125,魔道祖师（小说）,89726567,773,93,《魔道祖师》-同人番外 结丹,45337,1572623212
article,15_1574825301.579,酒店,91078804,661,278,不堪入目！一男两女住酒店，凌晨3点悄悄离开！打开房门经理傻了,389845,1573318871
article,16_1574825301.604,卖房,89477718,177,64,楼市大变天！马云突然宣布卖房丨牛吧云播,81292,1572505781
article,17_1574825302.979,雅诗兰黛,64719612,12218,684,雅诗兰黛美国官网支持支付宝下单啦，小姐妹们冲鸭！！！（附上详细剁手教程）,707895,1557051951
article,17_1574825302.957,道德经（书籍）,89155546,228,95,《道德经》第一章隐藏着最高秘法,22283,1572358906
article,16_1574825303.852,心理医生,93640341,39,21,做一名精神科医生是怎样的体验？,1934,1574683749
article,14_1574825304.48,随便看看,86909946,17275,1110,如何解读雪莉ins画（细思极恐）,2989350,1571191405
article,15_1574825304.814,王一博,84498126,305,2058,王一博这么diss肖战，是疯了吗？粉丝也脱饭回踩控诉其太“绿茶”,112868,1569589459
article,16_1574825306.433,互联网,92640482,6,0,每经18点丨香港警方：理工大学拘捕或登记约1100人；江苏省原副省长缪瑞林一审获刑十年半；空客在迪拜航展斩获300亿美元订单，波音737MAX获新订单,2249,1574158656
article,16_1574825306.939,易烊千玺,93170674,91,8,四字弟弟yyqx易烊千玺有点闷骚？他自己说的,3804,1574411636
article,13_1574825306.720,电厂,90583790,261,101,安徽某电厂“10.24”人员触电事故调查情况的报告,50862,1573048979
article,15_1574825306.988,魔兽世界,76676880,131,147,你为什么选择了当初WOW里的职业？,36682,1564968269
article,16_1574825306.991,IC卡,81384126,2529,173,手把手教 如何模拟IC加密卡,86509,1567738142
article,14_1574825307.96,李小璐,90620737,774,267,“李小璐出轨视频曝光7天后，我识破了令人胆寒的爱情真相”,245041,1573089756
article,12_1574825308.905,口才,87091358,6777,78,口才训练的16种方法（干货）,204745,1571277901
article,13_1574825308.479,主持人,90576308,25365,1157,谢娜与董卿同台被“碾压”: 文化断层到底有多可怕?,1072345,1573047546
article,15_1574825308.324,网贷风险,83742265,149,90,因面子，深陷网贷的我，最后这样上岸,63566,1569225309
article,16_1574825309.540,自动挡,79860445,712,263,自动挡等红灯时可以一直D挡踩刹车吗,415091,1566812887
article,17_1574825309.364,性感,93083745,876,127,一个直男眼中的性感女王，私底下想活得更严肃和朴素,133851,1574383287
article,14_1574825310.375,买房,92191422,222,124,33岁重庆小伙，亲手打造450㎡江景房，邀请父母同住,37070,1573952118
article,15_1574825310.555,潘石屹,93460043,16,15,潘石屹捐款哈佛真实原因，逐渐明朗,8003,1574600240
article,13_1574825310.478,艺术,85617334,5012,495,脏的不是裸体，是人的眼睛,878281,1570523577
article,15_1574825310.387,林志玲,92667134,161,175,林志玲大婚，王力宏妻子到场祝福，穿着性感遭网友痛骂,292403,1574169606
article,13_1574825310.270,谢娜（主持人）,78797783,9247,693,谢娜被何炅排挤疏远：活得太自我的人，下场都很惨,1354936,1566197039
article,15_1574825311.46,随便看看,92161018,170,232,乳腺癌日志（1）：发现到确诊,56979,1573914962
article,16_1574825311.308,苏州,84401509,2248,1568,江苏——一个越来越尴尬的省份（二）,498088,1570699668
article,14_1574825311.649,阿里巴巴 HR,89420112,1785,271,阿里把我待岗了，月薪从2.4万变成了1512元，这一招好狠,212660,1572488541
article,15_1574825311.431,李诞,92630014,468,220,李诞，今天谢谢你，因为你让我们看到了人性虚伪的一面,122318,1574156116
article,16_1574825312.683,坐月子,64790798,1985,404,（纯干货execl表）一个硬核准爸爸做的新生儿说明书第一篇，我给媳妇做的产前及做月子攻略,104673,1557122377
article,17_1574825312.377,刘涛,92353372,339,65,刘涛，你够了！,215372,1574051699
article,13_1574825312.610,姚晨,91900994,1018,201,姚晨被曝四次婚内出轨，凌潇肃：和她离婚，我不后悔,243506,1573781151
article,15_1574825312.951,SSL,86304211,1,0,（五）HTTPS抓包了解TLS握手流程,112,1571233231
article,16_1574825312.677,蓝忘机,80646286,395,78,陈情令到魔道祖师——蓝忘机（上）,22675,1567272576
article,14_1574825312.983,成都七中,91812432,521,292,成都七中难考吗？四川最厉害的高中为什么是成都七中？,115490,1573720298
article,16_1574825312.522,肖战,82643912,1163,109,起底“博君一肖”爆红逻辑：人间社畜VS酷盖男孩,38065,1568604546
article,17_1574825312.919,苏州工业园区,79928477,305,200,怎么一夜之间，苏州得到那么多利好,68426,1566872402
article,15_1574825313.879,SSL,86550200,1,0,你还在用自签名SSL证书吗？,115,1571023609
article,17_1574825313.871,步枪,85727188,223,74,有托党头顶青天 ！皮轨和瞄准镜成新型突击步枪标配,23928,1570590343
article,13_1574825313.884,科技,90678851,7,6,南京重磅新政！好房子人才优先选，机关事业单位首次纳入，看看你达标了吗？,2881,1573106776
article,14_1574825314.590,甲状腺囊肿,92916769,3,1,4个 诱发甲状腺结节的不良生活习惯 您有吗？,2930,1574305606
article,15_1574825314.56,互联网,86437539,276,315,南京“211”大学毕业生自杀，家人在催债声中送别，爷爷：“希望他是最后一个”,80983,1570952249
article,17_1574825314.89,李小璐 & PG_ONE（2017年末事件）,89554668,2736,95,李小璐PGone的事虽然很狗血，但跟这些圈内“奇葩恋”比起来还是差一点,925499,1572534003
article,13_1574825315.262,李小璐 & PG_ONE（2017年末事件）,91567404,1531,360,李小璐：嫁一个对你好但你不爱的人……,195212,1573613730
article,15_1574825315.782,陈情令（电视剧）,91352801,76,14,陈情令番外（莲花坞）,10026,1573493925
article,16_1574825315.250,HTTPS,91161411,19,0,用漫画的形式告诉你什么是 https ！！,332,1573393219
article,15_1574825316.48,社会阶层,83173302,2464,235,新(伪)中产的阶层困境,327073,1568876909
article,14_1574825317.699,亚马逊 (Amazon.com),87010294,107,19,我的真实经历|用一个产品在2-3个月在亚马逊赚到23万-所有你需要知道的,14108,1571221109
article,16_1574825317.745,动态规划,93857890,14,0,动态规划之背包问题系列,368,1574786537
article,17_1574825318.218,李小璐,92058345,709,106,李小璐：有关我出轨，得从9岁那年说起…,198097,1573841307
article,16_1574825318.428,宋仲基,82430663,2147,53,宋仲基离婚后私生活曝光，揭露了婚姻中残酷的真相,716819,1568387865
article,15_1574825318.642,抖音吸粉,83983901,1843,328,做了900个抖音号总结的抖音玩法-全程干货,126129,1569334915
article,16_1574825319.367,DotA（游戏）,89852306,121,25,电竞早报：海南大师赛新茶有内味儿了；V社怎么就和匹配干上了,7888,1572729130
article,15_1574825320.752,豆瓣电影,91924847,9771,359,时隔21年，《海上钢琴师》你真的看懂了吗？,396687,1573787156
article,16_1574825320.894,恋爱,92878279,417,48,“迷你犬让二哈意外怀孕”爆红韩国！网友：别告诉泰迪！！！,52955,1574285948
article,13_1574825320.570,装修,88014982,6438,552,我在北京买了一套24m2的胶囊房，然后......,332253,1571795320
article,14_1574825320.773,体制内,77431584,565,148,在体制内如何正确称呼领导？,135991,1565357442
article,15_1574825320.715,香港娱乐圈,90663584,380,65,万绮雯：“香港第一美腿”，与甄子丹热恋4年，又7天后闪婚编剧,98046,1573101642
article,16_1574825320.248,加密/解密,93672329,1,0,RSA 与SSL,11,1574698008
article,12_1574825320.700,李小璐 & PG_ONE（2017年末事件）,89556408,1485,350,李小璐失去了太多,531518,1572534236
article,17_1574825320.876,家居,88551490,134,80,青岛房价重回2016年？,34482,1572019783
